{
  "when": "2026-05-05T17:34:01.752Z",
  "results": [
    {
      "name": "point_read_10",
      "rows": 10,
      "iters": 30,
      "medianNs": 2278374.999999983,
      "p99Ns": 4093833.0000000177,
      "nsPerRow": 227837.49999999828,
      "rowsPerSec": 4389.093103637494
    },
    {
      "name": "medium_scan_10k",
      "rows": 10000,
      "iters": 30,
      "medianNs": 2302291.999999852,
      "p99Ns": 3689958.0000001607,
      "nsPerRow": 230.22919999998518,
      "rowsPerSec": 4343497.6970778005
    },
    {
      "name": "wide_row_1k_x_50",
      "rows": 1000,
      "iters": 30,
      "medianNs": 4828332.999999929,
      "p99Ns": 5388332.999999875,
      "nsPerRow": 4828.33299999993,
      "rowsPerSec": 207110.81857858904
    },
    {
      "name": "nested_list_1k",
      "rows": 1000,
      "iters": 30,
      "medianNs": 479749.9999999673,
      "p99Ns": 521124.99999998364,
      "nsPerRow": 479.7499999999673,
      "rowsPerSec": 2084418.9682127528
    }
  ]
}