{
  "when": "2026-05-05T16:21:43.349Z",
  "results": [
    {
      "name": "point_read_10",
      "rows": 10,
      "iters": 30,
      "minNs": 1089583.0000000615,
      "medianNs": 1158916.999999974,
      "p99Ns": 1364666.9999999404,
      "nsPerRow": 115891.69999999739,
      "rowsPerSec": 8628.745630619125
    },
    {
      "name": "medium_scan_10k",
      "rows": 10000,
      "iters": 30,
      "minNs": 5534915.999999839,
      "medianNs": 5794541.999999865,
      "p99Ns": 6722416.999999951,
      "nsPerRow": 579.4541999999865,
      "rowsPerSec": 1725761.9325220583
    },
    {
      "name": "wide_row_1k_x_50",
      "rows": 1000,
      "iters": 30,
      "minNs": 23601542.000000335,
      "medianNs": 23942125.000000034,
      "p99Ns": 25310083.000000305,
      "nsPerRow": 23942.125000000033,
      "rowsPerSec": 41767.38698006124
    },
    {
      "name": "nested_list_1k",
      "rows": 1000,
      "iters": 30,
      "minNs": 1201500.0000001236,
      "medianNs": 1295208.0000000023,
      "p99Ns": 1702209.0000000389,
      "nsPerRow": 1295.2080000000024,
      "rowsPerSec": 772076.7629600791
    }
  ]
}